{
    "AWSTemplateFormatVersion": "2010-09-09",
    "Description": "Launch Tomcat Apache server with a simple website by using the users key and in specific regions.",
    "Parameters": {
    "Region": {
	"Description": "Select the region as here there are only two region where I can create the template",
	"Type": "String",
	"Default":"Asia Pacific (Mumbai)",
	 "AllowedValues": ["Asia Pacific (Mumbai)","US East (Ohio)"]

    },
        "KeyName": {
            "Description": "Take the keypair from the user",      
            "Type": "AWS::EC2::KeyPair::KeyName" 
            
        },
        "InstanceType": {
            "Description": "Select the instance type whic you want to select or else the default is t2.micro instance",   
            "Type": "String",
            "Default": "t2.micro",
            "AllowedValues": ["t2.micro", "t2.small", "t2.medium"]
        }
	},
	"Mappings" : {
	    "RegionMap" : {
      "us-east-2" : {"64" : "ami-ea87a78f" },
      "ap-south-1" : {"64" : "ami-d7abd1b8" }  
    }
  },
    "Resources": {
        "Server": {
	"Description" : "here the instance will be created based on the key,region, and instance type and the given command in Userdata will be run and the service will be started",
            "Type": "AWS::EC2::Instance",   
            "Properties": {
               "ImageId" : { "Fn::FindInMap" : [ "RegionMap", { "Ref" : "AWS::Region" }, "64"]},
                "InstanceType": {"Ref": "InstanceType"},
                "KeyName": {"Ref": "KeyName"},
                "UserData":
                {"Fn::Base64": {"Fn::Join": ["", [
                    "#!/bin/bash -ex\n",
					"sudo su - \n",
					"yum update -y\n",
					"yum install java-1.8.0 -y\n",
					"yum remove java-1.7.0-openjdk -y\n",
					"cd /opt \n",
					"wget https://archive.apache.org/dist/tomcat/tomcat-7/v7.0.56/bin/apache-tomcat-7.0.56.tar.gz \n",
					"sudo tar xvzf apache-tomcat-7.0.56.tar.gz -C /opt \n",
					"sudo chmod a+rx /opt/apache-tomcat-7.0.56/conf/* \n",
					"sudo echo 'export CATALINA_HOME=/opt/apache-tomcat-7.0.56' > /etc/profile.d/tomcat.sh \n",
					"source /etc/profile.d/tomcat.sh \n",
					"echo -e '<?xmlversion='1.0'encoding='utf-8'?><tomcat-user><role rolename=\"manager-gui\"/><role rolename=\"manager-jmx\"/><role rolename=\"manager-script\"/><role rolename=\"manager-status\"/><role rolename=\"manager\"/><user username=\"tomcat\" password=\"s3cret\" roles=\"manager-gui,manager,manager-jmx,manager-script,manager-status\"/></tomcat-user>' > apache-tomcat-7.0.56/conf/tomcat-users.xml \n",
					"sudo $CATALINA_HOME/bin/startup.sh \n",
					"sudo wget https://tomcat.apache.org/tomcat-6.0-doc/appdev/sample/sample.war -P /opt/apache-tomcat-7.0.56/webapps \n",
					"sudo chmod 777 /opt/apache-tomcat-7.0.56/webapps/sample.war \n"

					
                ]]}
                }
            }
        }
	},
    "Outputs": {
    }
}
